Country,Country Speed,Mirror Name,Protocols,Hostnames,Mirror Speed,Status
Argentina,11 Gbps,SiTSA Telecomunicaciones,"https://mirror.sitsa.com.ar/ubuntu-releases/, http://mirror.sitsa.com.ar/ubuntu-releases/",mirror.sitsa.com.ar,10 Gbps,N/A
Argentina,11 Gbps,Zero.com.ar,"https://ubuntu.zero.com.ar/releases/, http://ubuntu.zero.com.ar/releases/",ubuntu.zero.com.ar,1 Gbps,N/A
Argentina,11 Gbps,Universidad Nacional de Córdoba,"https://releases.ubuntu.unc.edu.ar/, http://releases.ubuntu.unc.edu.ar/",releases.ubuntu.unc.edu.ar,2 Mbps,N/A
Australia,121 Gbps,Fremont Cabal Internet Exchange,"https://gsl-syd.mm.fcix.net/ubuntu-releases/, http://gsl-syd.mm.fcix.net/ubuntu-releases/, rsync://gsl-syd.mm.fcix.net/ubuntu-releases/",gsl-syd.mm.fcix.net,100 Gbps,N/A
Australia,121 Gbps,Internet Association of Australia Inc.,"https://mirror.internet.asn.au/pub/ubuntu/releases/, http://mirror.internet.asn.au/pub/ubuntu/releases/, rsync://mirror.internet.asn.au/ubuntu-releases/",mirror.internet.asn.au,20 Gbps,N/A
Australia,121 Gbps,Hostcentral,"http://mirror.as24220.net/pub/ubuntu-releases/, ftp://mirror.as24220.net/pub/ubuntu-releases/, rsync://mirror.as24220.net/ubuntu-releases/",mirror.as24220.net,1 Gbps,N/A
Australia,121 Gbps,Internode,"http://mirror.internode.on.net/pub/ubuntu/releases/, ftp://mirror.internode.on.net/pub/ubuntu/releases/, rsync://mirror.internode.on.net/ubuntu-releases/",mirror.internode.on.net,100 Mbps,N/A
Austria,34 Gbps,Easyname GmbH,"https://mirror.easyname.at/ubuntu-releases/, http://mirror.easyname.at/ubuntu-releases/, ftp://mirror.easyname.at/ubuntu-releases/, rsync://mirror.easyname.at/ubuntu-releases/",mirror.easyname.at,20 Gbps,N/A
Austria,34 Gbps,ANEXIA Internetdienstleistungs GmbH,"https://ubuntu.anexia.at/ubuntu-releases/, http://ubuntu.anexia.at/ubuntu-releases/",ubuntu.anexia.at,10 Gbps,N/A
Austria,34 Gbps,Kumi Systems,"https://mirror.kumi.systems/ubuntureleases/, http://mirror.kumi.systems/ubuntureleases/, ftp://mirror.kumi.systems/ubuntureleases/, rsync://mirror.kumi.systems/ubuntureleases/",mirror.kumi.systems,4 Gbps,N/A
Bangladesh,10 Gbps,XeonBD,"https://mirror.xeonbd.com/ubuntu-releases/, http://mirror.xeonbd.com/ubuntu-releases/",mirror.xeonbd.com,10 Gbps,N/A
Belarus,20 Gbps,"RUE Beltelecom, MGTS","http://by.releases.ubuntu.com/, ftp://by.releases.ubuntu.com/releases/, rsync://by.releases.ubuntu.com/releases/",by.releases.ubuntu.com,20 Gbps,N/A
Belgium,30 Gbps,Cu.be Solutions,"https://ubuntu.cu.be/, http://ubuntu.cu.be/",ubuntu.cu.be,20 Gbps,N/A
Belgium,30 Gbps,Belnet,"https://ftp.belnet.be/ubuntu-releases/, http://ftp.belnet.be/ubuntu-releases/, ftp://ftp.belnet.be/ubuntu-releases/, rsync://ftp.belnet.be/ubuntu-releases/",ftp.belnet.be,10 Gbps,N/A
Belgium,30 Gbps,INTEGER SPRL,http://ubuntureleases.mirror.integer.be/,ubuntureleases.mirror.integer.be,100 Mbps,N/A
Belgium,30 Gbps,BOINC Team Belgium,"https://ubuntu.teambelgium.net/releases/, rsync://teambelgium.net/ubuntu/","teambelgium.net, ubuntu.teambelgium.net",100 Mbps,N/A
Brazil,32 Gbps,PoP-SC/RNP,"https://mirror.pop-sc.rnp.br/mirror/ubuntu-releases/, http://mirror.pop-sc.rnp.br/mirror/ubuntu-releases/",mirror.pop-sc.rnp.br,10 Gbps,N/A
Brazil,32 Gbps,Universidade Estadual de Ponta Grossa,"https://mirror.uepg.br/ubuntu-releases/, http://mirror.uepg.br/ubuntu-releases/, rsync://mirror.uepg.br/ubuntu-releases/",mirror.uepg.br,10 Gbps,N/A
Brazil,32 Gbps,C3SL/UFPR,"http://ubuntu.c3sl.ufpr.br/releases/, ftp://ubuntu.c3sl.ufpr.br/releases/, rsync://ubuntu.c3sl.ufpr.br/releases/",ubuntu.c3sl.ufpr.br,10 Gbps,N/A
Brazil,32 Gbps,Univassouras,"https://ubuntu.univassouras.edu.br/releases/, http://ubuntu.univassouras.edu.br/releases/",ubuntu.univassouras.edu.br,1 Gbps,N/A
Brazil,32 Gbps,LAS-IC-Unicamp,"http://www.las.ic.unicamp.br/pub/ubuntu-releases/, ftp://ftp.las.ic.unicamp.br/pub/ubuntu-releases/, rsync://rsync.las.ic.unicamp.br/ubuntu-releases/","www.las.ic.unicamp.br, rsync.las.ic.unicamp.br, ftp.las.ic.unicamp.br",1 Gbps,N/A
Bulgaria,52 Gbps,Telepoint.bg,"https://mirror.telepoint.bg/ubuntu-releases/, http://mirror.telepoint.bg/ubuntu-releases/, ftp://mirror.telepoint.bg/ubuntu-releases/, rsync://mirror.telepoint.bg/ubuntu-releases/",mirror.telepoint.bg,20 Gbps,N/A
Bulgaria,52 Gbps,Netix Ltd.,"https://mirrors.netix.net/ubuntu/releases/, http://mirrors.netix.net/ubuntu/releases/, ftp://mirrors.netix.net/ubuntu/releases/, rsync://mirrors.netix.net/ubuntu/releases/",mirrors.netix.net,20 Gbps,N/A
Bulgaria,52 Gbps,IPACCT,"http://ubuntu.ipacct.com/releases/, ftp://ubuntu.ipacct.com/releases/, rsync://ubuntu.ipacct.com/releases/",ubuntu.ipacct.com,10 Gbps,N/A
Bulgaria,52 Gbps,Linux-BG.org,http://ubuntu.linux-bg.org/releases/,ubuntu.linux-bg.org,2 Gbps,N/A
Canada,162 Gbps,GoCodeIT Inc,"https://mirror.xenyth.net/ubuntu-releases/, http://mirror.xenyth.net/ubuntu-releases/, rsync://mirror.xenyth.net/ubuntu-releases/",mirror.xenyth.net,100 Gbps,N/A
Canada,162 Gbps,PlanetHoster,http://ubuntu.linux.n0c.ca/ubuntu-cdimage/,ubuntu.linux.n0c.ca,20 Gbps,N/A
Canada,162 Gbps,The University of British Columbia,"https://mirror.it.ubc.ca/ubuntu-releases/, http://mirror.it.ubc.ca/ubuntu-releases/",mirror.it.ubc.ca,10 Gbps,N/A
Canada,162 Gbps,Manitoba Unix User Group,"https://muug.ca/mirror/ubuntu-releases/, http://muug.ca/mirror/ubuntu-releases/, ftp://ftp.muug.ca/mirror/ubuntu-releases/, rsync://muug.ca/ubuntu-releases/","muug.ca, ftp.muug.ca",10 Gbps,N/A
Canada,162 Gbps,Fremont Cabal Internet Exchange,"https://yxeix.mm.fcix.net/ubuntu-releases/, http://yxeix.mm.fcix.net/ubuntu-releases/, rsync://yxeux.mm.fcix.net/ubuntu-releases/","yxeix.mm.fcix.net, yxeux.mm.fcix.net",10 Gbps,N/A
Canada,162 Gbps,0xEmma,"https://mirror.0xem.ma/ubuntu-releases/, http://mirror.0xem.ma/ubuntu-releases/, rsync://mirrror.0xem.ma/ubuntu-releases/","mirror.0xem.ma, mirrror.0xem.ma",4 Gbps,N/A
Canada,162 Gbps,Team Hydra,"https://mirror.hep.gg/ubuntu-releases/, http://mirror.hep.gg/ubuntu-releases/, rsync://mirror.hep.gg/ubuntu-releases/",mirror.hep.gg,4 Gbps,N/A
Canada,162 Gbps,Savoir-faire Linux,"https://gpl.savoirfairelinux.net/pub/mirrors/ubuntu-releases/, http://gpl.savoirfairelinux.net/pub/mirrors/ubuntu-releases/",gpl.savoirfairelinux.net,1 Gbps,N/A
Canada,162 Gbps,Kamatera Inc.,http://mirror.ca-tr.kamatera.com/ubuntu-releases/,mirror.ca-tr.kamatera.com,1 Gbps,N/A
Canada,162 Gbps,University of Calgary,"https://mirror.cpsc.ucalgary.ca/mirror/ubuntu.com/releases/, http://mirror.cpsc.ucalgary.ca/mirror/ubuntu.com/releases/",mirror.cpsc.ucalgary.ca,1 Gbps,N/A
Canada,162 Gbps,Dalhousie University,"https://mirror.its.dal.ca/ubuntu-releases/, http://mirror.its.dal.ca/ubuntu-releases/, rsync://mirror.its.dal.ca/ubuntu-releases/",mirror.its.dal.ca,1 Gbps,N/A
Chile,3 Gbps,Universidad de Chile - Direccion de Tecnologias de la Informacion,http://mirror.uchile.cl/ubuntu-releases/,mirror.uchile.cl,2 Gbps,N/A
Chile,3 Gbps,TECNOERA,"http://cl.releases.ubuntu.com/, ftp://ftp.tecnoera.com/ubuntu-releases/, rsync://ftp.tecnoera.com/ubuntu-releases/","ftp.tecnoera.com, cl.releases.ubuntu.com",1 Gbps,N/A
China,19 Gbps,Tsinghua University,"https://mirrors.tuna.tsinghua.edu.cn/ubuntu-releases/, http://mirrors.tuna.tsinghua.edu.cn/ubuntu-releases/, rsync://mirrors.tuna.tsinghua.edu.cn/ubuntu-releases/",mirrors.tuna.tsinghua.edu.cn,10 Gbps,N/A
China,19 Gbps,Huawei Cloud,"https://repo.huaweicloud.com/ubuntu-releases/, http://repo.huaweicloud.com/ubuntu-releases/",repo.huaweicloud.com,2 Gbps,N/A
China,19 Gbps,Shanghai Jiao Tong University,"https://ftp.sjtu.edu.cn/ubuntu-cd/, http://ftp.sjtu.edu.cn/ubuntu-cd/, ftp://ftp.sjtu.edu.cn/ubuntu-cd/",ftp.sjtu.edu.cn,1 Gbps,N/A
China,19 Gbps,Harbin Institute of Technology,"https://mirrors.hit.edu.cn/ubuntu-releases/, http://mirrors.hit.edu.cn/ubuntu-releases/, rsync://mirrors.hit.edu.cn/ubuntu-releases/",mirrors.hit.edu.cn,1 Gbps,N/A
China,19 Gbps,HUAWEI CLOUD,"https://mirrors.huaweicloud.com/repository/ubuntu-releases/, http://mirrors.huaweicloud.com/repository/ubuntu-releases/",mirrors.huaweicloud.com,1 Gbps,N/A
China,19 Gbps,Huazhong University of Science and Technology,"https://mirrors.hust.edu.cn/ubuntu-releases/, http://mirrors.hust.edu.cn/ubuntu-releases/",mirrors.hust.edu.cn,1 Gbps,N/A
China,19 Gbps,Xi'an Jiaotong University,"https://mirrors.xjtu.edu.cn/ubuntu-releases/, http://mirrors.xjtu.edu.cn/ubuntu-releases/",mirrors.xjtu.edu.cn,1 Gbps,N/A
China,19 Gbps,Capital Online Data Service,"http://mirrors.yun-idc.com/ubuntu-releases/, ftp://mirrors.yun-idc.com/ubuntu-releases/, rsync://mirrors.yun-idc.com/ubuntu-releases/",mirrors.yun-idc.com,1 Gbps,N/A
China,19 Gbps,YlmF.NET,"http://releases.ylmf.net/, rsync://releases.ylmf.net/ubuntu/",releases.ylmf.net,1 Gbps,N/A
China,19 Gbps,Northwest A&F University,http://mirrors.nwafu.edu.cn/ubuntu-releases/,mirrors.nwafu.edu.cn,100 Mbps,N/A
Colombia,11 Gbps,Fremont Cabal Internet Exchange,"https://edgeuno-bog2.mm.fcix.net/ubuntu-releases/, http://edgeuno-bog2.mm.fcix.net/ubuntu-releases/, rsync://edgeuno-bog2.mm.fcix.net/ubuntu-releases/",edgeuno-bog2.mm.fcix.net,10 Gbps,N/A
Colombia,11 Gbps,Atlas Internet,http://mirrors.atlas.net.co/ubuntu-releases/,mirrors.atlas.net.co,1 Gbps,N/A
Costa Rica,10 Mbps,Ucr.ac.cr,"https://mirrors.ucr.ac.cr/ubuntu-cd/, http://mirrors.ucr.ac.cr/ubuntu-cd/",mirrors.ucr.ac.cr,10 Mbps,N/A
Croatia,1 Gbps,"Faculty of civil engineering, Zagreb","http://hr.releases.ubuntu.com/, ftp://hr.releases.ubuntu.com/ubuntu-releases/, rsync://hr.releases.ubuntu.com/releases/",hr.releases.ubuntu.com,1 Gbps,N/A
Cyprus,100 Mbps,"University of Cyprus, Library","https://mirror.library.ucy.ac.cy/linux/ubuntu/releases/, http://mirror.library.ucy.ac.cy/linux/ubuntu/releases/",mirror.library.ucy.ac.cy,100 Mbps,N/A
Czech Republic,33 Gbps,"CZ.NIC, z.s.p.o.","https://cz.releases.ubuntu.com/releases/, http://cz.releases.ubuntu.com/releases/, rsync://cz.releases.ubuntu.com/ubuntu-releases/",cz.releases.ubuntu.com,10 Gbps,N/A
Czech Republic,33 Gbps,Vodafone Czech Republic a. s.,"https://mirror.dkm.cz/ubuntu-releases/, rsync://mirror.dkm.cz/ubuntu-releases/",mirror.dkm.cz,10 Gbps,N/A
Czech Republic,33 Gbps,IT4Innovations National Supercomputing Center,"https://mirror.it4i.cz/ubuntu-releases/, http://mirror.it4i.cz/ubuntu-releases/",mirror.it4i.cz,10 Gbps,N/A
Czech Republic,33 Gbps,"Ignum, s.r.o.","http://ucho.ignum.cz/ubuntu-releases/, ftp://ucho.ignum.cz/ubuntu-releases/, rsync://ucho.ignum.cz/ubuntu-releases/",ucho.ignum.cz,2 Gbps,N/A
Czech Republic,33 Gbps,Kilobyte,http://ubuntu.kilobyte.cz/,ubuntu.kilobyte.cz,1 Gbps,N/A
Denmark,40 Gbps,Fibia P/S,"https://mirrors.fibianet.dk/ubuntu-releases/, http://mirrors.fibianet.dk/ubuntu-releases/, rsync://mirrors.fibianet.dk/ubuntu-releases/",mirrors.fibianet.dk,20 Gbps,N/A
Denmark,40 Gbps,Netsite,"https://mirror.netsite.dk/ubuntu/releases/, http://mirror.netsite.dk/ubuntu/releases/, rsync://mirror.netsite.dk/releases/",mirror.netsite.dk,10 Gbps,N/A
Denmark,40 Gbps,One.com,"https://mirror.one.com/ubuntu-cd/, http://mirror.one.com/ubuntu-cd/, ftp://mirror.one.com/ubuntu-cd/, rsync://mirror.one.com/ubuntu-cd/",mirror.one.com,10 Gbps,N/A
Dominican Republic,10 Gbps,Fremont Cabal Internet Exchange,"https://stix.mm.fcix.net/ubuntu-releases/, http://stix.mm.fcix.net/ubuntu-releases/, rsync://stix.mm.fcix.net/ubuntu-releases/",stix.mm.fcix.net,10 Gbps,N/A
Ecuador,100 Mbps,Universidad Estatal de Bolivar,http://mirror.ueb.edu.ec/ubuntu-releases/,mirror.ueb.edu.ec,100 Mbps,N/A
Estonia,10 Gbps,xTom,"https://mirrors.xtom.ee/ubuntu-releases/, http://mirrors.xtom.ee/ubuntu-releases/, rsync://mirrors.xtom.ee/ubuntu-releases/",mirrors.xtom.ee,10 Gbps,N/A
Finland,1 Gbps,Ubuntu-TW / OSSPlanet,"https://mirror.fi.ossplanet.net/ubuntu-releases/, http://mirror.fi.ossplanet.net/ubuntu-releases/, rsync://mirror.fi.ossplanet.net/ubuntu-releases/",mirror.fi.ossplanet.net,1 Gbps,N/A
France,6 Gbps,Ftp.crifo.org-release,"https://ftp.crifo.org/ubuntu-cd/, http://ftp.crifo.org/ubuntu-cd/, rsync://ftp.crifo.org/ubuntu-cd/",ftp.crifo.org,1 Gbps,N/A
France,6 Gbps,CRIHAN,"http://ftp.crihan.fr/releases/, ftp://ftp.crihan.fr/releases/, rsync://ftp.crihan.fr/releases/",ftp.crihan.fr,1 Gbps,N/A
France,6 Gbps,Johnnybegood-mirror,"https://mirror.johnnybegood.fr/ubuntu-cd/, http://mirror.johnnybegood.fr/ubuntu-cd/, rsync://mirror.johnnybegood.fr/ubuntu-cd/",mirror.johnnybegood.fr,1 Gbps,N/A
France,6 Gbps,Syxpi's Ubuntu Mirror,"https://ubuntu.syxpi.fr/ubuntu-releases/, http://ubuntu.syxpi.fr/ubuntu-releases/, rsync://ubuntu.syxpi.fr/ubuntu-releases/",ubuntu.syxpi.fr,1 Gbps,N/A
France,6 Gbps,Université de Nantes,"https://ubuntu.univ-nantes.fr/ubuntu-cd/, http://ubuntu.univ-nantes.fr/ubuntu-cd/, ftp://ubuntu.univ-nantes.fr/ubuntu-cd/, rsync://ubuntu.univ-nantes.fr/ubuntu-cd/",ubuntu.univ-nantes.fr,1 Gbps,N/A
France,6 Gbps,LIP6/Sorbonne Université,"https://www-ftp.lip6.fr/pub/linux/distributions/Ubuntu/releases/, http://www-ftp.lip6.fr/pub/linux/distributions/Ubuntu/releases/, ftp://ftp.lip6.fr/pub/linux/distributions/Ubuntu/releases/, rsync://ftp.lip6.fr/Ubuntu/releases/","ftp.lip6.fr, www-ftp.lip6.fr",1 Gbps,N/A
France,6 Gbps,daupheus.com,https://ubuntu.daupheus.com/,ubuntu.daupheus.com,100 Mbps,N/A
France,6 Gbps,CNRS/IPSL,"http://distrib-coffee.ipsl.jussieu.fr/pub/linux/ubuntu-releases/, ftp://distrib-coffee.ipsl.jussieu.fr/pub/linux/ubuntu-releases/, rsync://distrib-coffee.ipsl.jussieu.fr/pub/linux/ubuntu-releases/",distrib-coffee.ipsl.jussieu.fr,45 Mbps,N/A
Germany,88 Gbps,dogado GmbH,"https://mirror.dogado.de/ubuntu-releases/, http://mirror.dogado.de/ubuntu-releases/, rsync://mirror.dogado.de/ubuntu-releases/",mirror.dogado.de,20 Gbps,N/A
Germany,88 Gbps,StudNet Bonn,"http://ftp.stw-bonn.de/ubuntu-cd/, ftp://ftp.stw-bonn.de/ubuntu-cd/, rsync://ftp.stw-bonn.de/ubuntu-cd/",ftp.stw-bonn.de,10 Gbps,N/A
Germany,88 Gbps,LeaseWeb Germany GmbH,"https://mirror.de.leaseweb.net/ubuntu-releases/, http://mirror.de.leaseweb.net/ubuntu-releases/, ftp://mirror.de.leaseweb.net/ubuntu-releases/, rsync://mirror.de.leaseweb.net/ubuntu-releases/",mirror.de.leaseweb.net,10 Gbps,N/A
Germany,88 Gbps,level66.network UG (haftungsbeschränkt),"https://mirror.level66.network/ubuntu-releases/, http://mirror.level66.network/ubuntu-releases/, rsync://mirror.level66.network/ubuntu-releases/",mirror.level66.network,10 Gbps,N/A
Germany,88 Gbps,wilhelm.tel GmbH,"https://mirror.wtnet.de/ubuntu-releases/, http://mirror.wtnet.de/ubuntu-releases/",mirror.wtnet.de,10 Gbps,N/A
Germany,88 Gbps,xTom,"https://mirrors.xtom.de/ubuntu-releases/, http://mirrors.xtom.de/ubuntu-releases/, rsync://mirrors.xtom.de/ubuntu-releases/",mirrors.xtom.de,10 Gbps,N/A
Germany,88 Gbps,Technische Universität Dresden,"http://ubuntu.mirror.tudos.de/ubuntu-releases/, rsync://ubuntu.mirror.tudos.de/ubuntu-releases/",ubuntu.mirror.tudos.de,10 Gbps,N/A
Germany,88 Gbps,Physikalisches Institut Uni Heidelberg,"https://drmirror.physi.uni-heidelberg.de/ubuntu-releases/, http://drmirror.physi.uni-heidelberg.de/ubuntu-releases/",drmirror.physi.uni-heidelberg.de,2 Gbps,N/A
Germany,88 Gbps,FAigner,"https://mirror.faigner.de/ubuntu/, http://mirror.faigner.de/ubuntu/, rsync://mirror.faigner.de/cdubuntu/",mirror.faigner.de,1 Gbps,N/A
Germany,88 Gbps,GWDG,"https://ftp5.gwdg.de/pub/linux/debian/ubuntu/iso/, http://ftp5.gwdg.de/pub/linux/debian/ubuntu/iso/, ftp://ftp5.gwdg.de/pub/linux/debian/ubuntu/iso/, rsync://ftp5.gwdg.de/pub/linux/debian/ubuntu/iso/",ftp5.gwdg.de,1 Gbps,N/A
Germany,88 Gbps,Daniel Jost - Freelance Web Professional,"http://mirror.daniel-jost.net/ubuntu-releases/, ftp://mirror.daniel-jost.net/ubuntu-releases/, rsync://mirror.daniel-jost.net/ubuntu-releases/",mirror.daniel-jost.net,1 Gbps,N/A
Germany,88 Gbps,Kamatera Inc.,http://mirror.eu-fr.kamatera.com/ubuntu-releases/,mirror.eu-fr.kamatera.com,1 Gbps,N/A
Germany,88 Gbps,IMT-Systems GmbH,"https://mirror.imt-systems.com/ubuntu/, http://mirror.imt-systems.com/ubuntu/, rsync://mirror.imt-systems.com/ubuntu/",mirror.imt-systems.com,1 Gbps,N/A
Germany,88 Gbps,Releases.ubuntu.repulsive.eu,"https://releases.ubuntu.repulsive.eu/, http://releases.ubuntu.repulsive.eu/, rsync://releases.ubuntu.repulsive.eu/releases/",releases.ubuntu.repulsive.eu,1 Gbps,N/A
Germany,88 Gbps,Host Europe,"http://ftp.hosteurope.de/mirror/releases.ubuntu.com/, ftp://ftp.hosteurope.de/mirror/releases.ubuntu.com/",ftp.hosteurope.de,100 Mbps,N/A
Germany,88 Gbps,Ftp-stud.fht-esslingen.de,http://ftp-stud.fht-esslingen.de/Mirrors/releases.ubuntu.com/,ftp-stud.fht-esslingen.de,10 Mbps,N/A
Germany,88 Gbps,Technische Universität Chemnitz,"https://ftp.tu-chemnitz.de/pub/linux/ubuntu-releases/, http://ftp.tu-chemnitz.de/pub/linux/ubuntu-releases/",ftp.tu-chemnitz.de,10 Mbps,N/A
Greece,2 Gbps,Aristotle University of Thessaloniki,"https://fosszone.csd.auth.gr/ubuntu-releases/, http://fosszone.csd.auth.gr/ubuntu-releases/",fosszone.csd.auth.gr,1 Gbps,N/A
Greece,2 Gbps,OTENET,ftp://ftp.otenet.gr/pub/linux/ubuntu-releases/,ftp.otenet.gr,1 Gbps,N/A
Greenland,45 Mbps,Tele Greenland A/S,"http://mirror.greennet.gl/releases/, rsync://mirror.greennet.gl/releases/",mirror.greennet.gl,45 Mbps,N/A
Hong Kong,21 Gbps,01Link Network Services Limited,"https://mirror.01link.hk/ubuntu-releases/, http://mirror.01link.hk/ubuntu-releases/",mirror.01link.hk,10 Gbps,N/A
Hong Kong,21 Gbps,xTom,"https://mirror.xtom.com.hk/ubuntu-releases/, http://mirror.xtom.com.hk/ubuntu-releases/, rsync://mirror.xtom.com.hk/repo/ubuntu-releases/",mirror.xtom.com.hk,10 Gbps,N/A
Hong Kong,21 Gbps,KoDDoS,"https://mirror-hk.koddos.net/ubuntu-releases/, http://mirror-hk.koddos.net/ubuntu-releases/, rsync://mirror-hk.koddos.net/ubuntu-releases/",mirror-hk.koddos.net,1 Gbps,N/A
Hong Kong,21 Gbps,Kamatera Inc.,http://mirror.as.kamatera.com/ubuntu-releases/,mirror.as.kamatera.com,100 Mbps,N/A
Iceland,10 Gbps,Advania,"https://ubuntu.hysing.is/ubuntu-releases/, http://ubuntu.hysing.is/ubuntu-releases/",ubuntu.hysing.is,10 Gbps,N/A
India,20 Gbps,Shrirang Kahale,"https://mirror.del2.albony.in/ubuntu-releases/, http://mirror.del2.albony.in/ubuntu-releases/, rsync://mirror.del2.albony.in/ubuntu-releases/",mirror.del2.albony.in,10 Gbps,N/A
India,20 Gbps,PicoNets WebWerks,"https://mirrors.piconets.webwerks.in/ubuntu-mirror/ubuntu-releases/, http://mirrors.piconets.webwerks.in/ubuntu-mirror/ubuntu-releases/",mirrors.piconets.webwerks.in,10 Gbps,N/A
Indonesia,59 Gbps,DomaiNesia,"https://linux.domainesia.com/ubuntu/iso-release/, http://linux.domainesia.com/ubuntu/iso-release/, rsync://linux.domainesia.com/ubuntu/iso-release/",linux.domainesia.com,10 Gbps,N/A
Indonesia,59 Gbps,Nevacloud,"https://mirror.nevacloud.com/ubuntu/iso-release/, http://mirror.nevacloud.com/ubuntu/iso-release/, rsync://mirror.nevacloud.com/ubuntu/iso-release/",mirror.nevacloud.com,10 Gbps,N/A
Indonesia,59 Gbps,repository.id,"https://mirror.repository.id/ubuntu-cd/, http://mirror.repository.id/ubuntu-cd/, rsync://mirror.repository.id/ubuntu-cd/",mirror.repository.id,10 Gbps,N/A
Indonesia,59 Gbps,webmaster.my.id,"https://mirror.webmaster.my.id/ubuntu-cd/, http://mirror.webmaster.my.id/ubuntu-cd/, rsync://mirror.webmaster.my.id/ubuntu-cd/",mirror.webmaster.my.id,10 Gbps,N/A
Indonesia,59 Gbps,jagoanhosting.com,"https://vpsmurah.jagoanhosting.com/ubuntu-cd/, http://vpsmurah.jagoanhosting.com/ubuntu-cd/, rsync://vpsmurah.jagoanhosting.com/ubuntu-cd/",vpsmurah.jagoanhosting.com,10 Gbps,N/A
Indonesia,59 Gbps,faizuladib.com,"https://mirror.faizuladib.com/ubuntu-cd/, http://mirror.faizuladib.com/ubuntu-cd/, rsync://mirror.faizuladib.com/ubuntu-cd/",mirror.faizuladib.com,2 Gbps,N/A
Indonesia,59 Gbps,Datautama-Net-ID,"http://kartolo.sby.datautama.net.id/ubuntu-cd/, rsync://kartolo.sby.datautama.net.id/ubuntu-cd/",kartolo.sby.datautama.net.id,1 Gbps,N/A
Indonesia,59 Gbps,Beon Intermedia,http://mirror.beon.co.id/ubuntu-cd/,mirror.beon.co.id,1 Gbps,N/A
Indonesia,59 Gbps,DewaBiz,"https://mirror.dewabiz.com/ubuntu-release/, http://mirror.dewabiz.com/ubuntu-release/, rsync://mirror.dewabiz.com/ubuntu-release/",mirror.dewabiz.com,1 Gbps,N/A
Indonesia,59 Gbps,PT Global Intermedia Nusantara,"https://mirror.gi.co.id/ubuntu-releases/, http://mirror.gi.co.id/ubuntu-releases/, rsync://mirror.gi.co.id/ubuntu-releases/",mirror.gi.co.id,1 Gbps,N/A
Indonesia,59 Gbps,Pemerintah Provinsi Papua,"https://mirror.papua.go.id/ubuntu-releases/, http://mirror.papua.go.id/ubuntu-releases/, rsync://mirror.papua.go.id/ubuntu-releases/",mirror.papua.go.id,1 Gbps,N/A
Indonesia,59 Gbps,Politeknik Negeri Banyuwangi,http://mirror.poliwangi.ac.id/ubuntu-cd/,mirror.poliwangi.ac.id,1 Gbps,N/A
Indonesia,59 Gbps,Universitas Airlangga,"https://mirror.unair.ac.id/ubuntu-cd/, http://mirror.unair.ac.id/ubuntu-cd/",mirror.unair.ac.id,1 Gbps,N/A
"Iran, Islamic Republic of",360 Gbps,HostBaran,"https://ir.releases.ubuntu.com/, http://ir.releases.ubuntu.com/",ir.releases.ubuntu.com,100 Gbps,N/A
"Iran, Islamic Republic of",360 Gbps,Mobinhost,"https://ubuntu.mobinhost.com/releases/, http://ubuntu.mobinhost.com/releases/, ftp://ubuntu.mobinhost.com/ubuntu-releases/, rsync://ubuntu.mobinhost.com/releases/",ubuntu.mobinhost.com,100 Gbps,N/A
"Iran, Islamic Republic of",360 Gbps,Pishgaman Tose Ertebatat,"https://ubuntu.pishgaman.net/releases/, http://ubuntu.pishgaman.net/releases/, rsync://ubuntu.pishgaman.net/releases/",ubuntu.pishgaman.net,100 Gbps,N/A
"Iran, Islamic Republic of",360 Gbps,Sefroyek Pardaz Engineering Co.,"https://mirror.0-1.cloud/ubuntu-releases/, http://mirror.0-1.cloud/ubuntu-releases/",mirror.0-1.cloud,20 Gbps,N/A
"Iran, Islamic Republic of",360 Gbps,FamaServer,"https://mirror.famaserver.com/cd-image/, http://mirror.famaserver.com/cd-image/",mirror.famaserver.com,10 Gbps,N/A
"Iran, Islamic Republic of",360 Gbps,ParsDev,"https://mirror.parsdev.com/ubuntu-releases/, http://mirror.parsdev.com/ubuntu-releases/",mirror.parsdev.com,10 Gbps,N/A
"Iran, Islamic Republic of",360 Gbps,Amin IDC,"http://mirror.aminidc.com/ubuntu-releases/, ftp://mirror.aminidc.com/ubuntu-releases/, rsync://mirror.aminidc.com/ubuntu-releases/",mirror.aminidc.com,10 Gbps,N/A
"Iran, Islamic Republic of",360 Gbps,Parsvds.com,"https://ubuntu.parsvds.com/ubuntu-releases/, http://ubuntu.parsvds.com/ubuntu-releases/",ubuntu.parsvds.com,10 Gbps,N/A
Israel,1 Gbps,Kamatera Inc.,http://mirror.il-rh.kamatera.com/ubuntu-releases/,mirror.il-rh.kamatera.com,1 Gbps,N/A
Israel,1 Gbps,Israel Internet Association,"https://mirror.isoc.org.il/pub/ubuntu-releases/, http://mirror.isoc.org.il/pub/ubuntu-releases/, ftp://mirror.isoc.org.il/ubuntu-releases/",mirror.isoc.org.il,100 Mbps,N/A
Italy,20 Gbps,VHosting Solution (IT1 - Milan),"https://it1.mirror.vhosting-it.com/ubuntu-releases/, http://it1.mirror.vhosting-it.com/ubuntu-releases/, rsync://it1.mirror.vhosting-it.com/ubuntu-releases/",it1.mirror.vhosting-it.com,10 Gbps,N/A
Italy,20 Gbps,VHosting Solution (IT2 - Turin),"https://it2.mirror.vhosting-it.com/ubuntu-releases/, http://it2.mirror.vhosting-it.com/ubuntu-releases/, rsync://it2.mirror.vhosting-it.com/ubuntu-releases/",it2.mirror.vhosting-it.com,10 Gbps,N/A
Japan,160 Gbps,ICSCoE,"https://ftp.udx.icscoe.jp/Linux/ubuntu-releases/, http://ftp.udx.icscoe.jp/Linux/ubuntu-releases/, rsync://ftp.udx.icscoe.jp/ubuntu-releases/",ftp.udx.icscoe.jp,100 Gbps,N/A
Japan,160 Gbps,hashy10G,"https://mirror.hashy0917.net/ubuntu-releases/, http://mirror.hashy0917.net/ubuntu-releases/",mirror.hashy0917.net,20 Gbps,N/A
Japan,160 Gbps,RIKEN,"https://ftp.riken.jp/Linux/ubuntu-releases/, http://ftp.riken.jp/Linux/ubuntu-releases/, ftp://ftp.riken.jp/Linux/ubuntu-releases/, rsync://ftp.riken.jp/ubuntu-releases/",ftp.riken.jp,10 Gbps,N/A
Japan,160 Gbps,Tsukuba WIDE,"https://ftp.tsukuba.wide.ad.jp/Linux/ubuntu-releases/, http://ftp.tsukuba.wide.ad.jp/Linux/ubuntu-releases/, rsync://ftp.tsukuba.wide.ad.jp/ubuntu-releases/",ftp.tsukuba.wide.ad.jp,10 Gbps,N/A
Japan,160 Gbps,Tefexia LC,"https://mirror.tefexia.net/ubuntu-releases/, http://mirror.tefexia.net/ubuntu-releases/",mirror.tefexia.net,10 Gbps,N/A
Japan,160 Gbps,KuronekoServer,"https://mirrors.krnk.org/ubuntu-releases/, http://mirrors.krnk.org/ubuntu-releases/",mirrors.krnk.org,10 Gbps,N/A
Japan,160 Gbps,TI Mirrors Japan - Ubuntu CD Images,"https://jp.mirror.coganng.com/ubuntu-cdimage/, http://jp.mirror.coganng.com/ubuntu-cdimage/, ftp://jp.mirror.coganng.com/ubuntu-cdimage/, rsync://jp.mirror.coganng.com/ubuntu-cdimage/",jp.mirror.coganng.com,100 Mbps,N/A
Kazakhstan,2 Gbps,Fst.kz,"https://mirror.fst.kz/ubuntu-cd/, rsync://mirror.fst.kz/ubuntu-cd/",mirror.fst.kz,1 Gbps,N/A
Kazakhstan,2 Gbps,PS Internet Company LLC,"https://mirror.ps.kz/ubuntu-releases/, http://mirror.ps.kz/ubuntu-releases/, ftp://mirror.ps.kz/ubuntu-releases/, rsync://mirror.ps.kz/ubuntu-releases/",mirror.ps.kz,1 Gbps,N/A
Kenya,100 Mbps,KENET,"https://ubuntu.mirror.ac.ke/ubuntu-release/, http://ubuntu.mirror.ac.ke/ubuntu-release/, rsync://ubuntu.mirror.ac.ke/ubuntu-release/",ubuntu.mirror.ac.ke,100 Mbps,N/A
"Korea, Republic of",34 Gbps,KAIST FTP,"https://ftp.kaist.ac.kr/ubuntu-cd/, http://ftp.kaist.ac.kr/ubuntu-cd/, ftp://ftp.kaist.ac.kr/ubuntu-cd/, rsync://ftp.kaist.ac.kr/ubuntu-cd/",ftp.kaist.ac.kr,10 Gbps,N/A
"Korea, Republic of",34 Gbps,Tefexia LC,"https://kr.mirror.tefexia.net/ubuntu-releases/, http://kr.mirror.tefexia.net/ubuntu-releases/",kr.mirror.tefexia.net,10 Gbps,N/A
"Korea, Republic of",34 Gbps,Keiverse (Releases),"https://mirror.keiminem.com/ubuntu-releases/, http://mirror.keiminem.com/ubuntu-releases/, rsync://mirror.keiminem.com/ubuntu-releases/",mirror.keiminem.com,2 Gbps,N/A
"Korea, Republic of",34 Gbps,Kakao Corp.,"https://mirror.kakao.com/ubuntu-releases/, http://mirror.kakao.com/ubuntu-releases/",mirror.kakao.com,2 Gbps,N/A
"Korea, Republic of",34 Gbps,ROKFOSS Project - CD,"https://mirror.krfoss.org/ubuntu-releases/, http://mirror.krfoss.org/ubuntu-releases/",mirror.krfoss.org,2 Gbps,N/A
"Korea, Republic of",34 Gbps,zzuniMirror,"https://mirror.zzunipark.com/ubuntu-releases/, http://mirror.zzunipark.com/ubuntu-releases/, rsync://mirror.zzunipark.com/ubuntu-releases/",mirror.zzunipark.com,2 Gbps,N/A
"Korea, Republic of",34 Gbps,Daon Mirror,"https://mirror.koreapixel.kr/ubuntu-releases/, http://mirror.koreapixel.kr/ubuntu-releases/, rsync://mirror.koreapixel.kr/ubuntu-releases/",mirror.koreapixel.kr,1 Gbps,N/A
"Korea, Republic of",34 Gbps,Daum Communications Corp.,"http://ftp.daum.net/ubuntu-releases/, ftp://ftp.daum.net/ubuntu-releases/",ftp.daum.net,1 Gbps,N/A
"Korea, Republic of",34 Gbps,KAIST,"http://kr.archive.ubuntu.com/ubuntu-cd/, ftp://kr.archive.ubuntu.com/ubuntu-cd/, rsync://kr.archive.ubuntu.com/ubuntu-cd/",kr.archive.ubuntu.com,1 Gbps,N/A
"Korea, Republic of",34 Gbps,Mahiro Network,"https://mirror.mahiro.kr/ubuntu-releases/, http://mirror.mahiro.kr/ubuntu-releases/",mirror.mahiro.kr,1 Gbps,N/A
"Korea, Republic of",34 Gbps,Jeonnam High School,"https://mirror.jeonnam.school/ubuntu-cd/, http://mirror.jeonnam.school/ubuntu-cd/, rsync://mirror.jeonnam.school/ubuntu-cd/",mirror.jeonnam.school,1 Gbps,N/A
"Korea, Republic of",34 Gbps,Archive of Siwoo-CD,"https://mirror.siwoo.org/ubuntu-cd/, http://mirror.siwoo.org/ubuntu-cd/, rsync://mirror.siwoo.org/ubuntu-cd/",mirror.siwoo.org,1 Gbps,N/A
Latvia,2 Gbps,University of Latvia,"http://ubuntu-rel.linux.edu.lv/, ftp://ubuntu-rel.linux.edu.lv/",ubuntu-rel.linux.edu.lv,1 Gbps,N/A
Latvia,2 Gbps,koyanet.lv,"https://ubuntu.koyanet.lv/releases/, http://ubuntu.koyanet.lv/releases/",ubuntu.koyanet.lv,1 Gbps,N/A
"Macedonia, Republic of",10 Gbps,one.Vip,"http://mirror.onevip.mk/ubuntureleases/, rsync://mirror.onevip.mk/ubuntureleases/",mirror.onevip.mk,10 Gbps,N/A
Malaysia,2 Gbps,IP Serverone Solutions Sdn Bhd,"https://mirrors.ipserverone.com/ubuntu-releases/, http://mirrors.ipserverone.com/ubuntu-releases/, rsync://mirrors.ipserverone.com/ubuntu-releases/",mirrors.ipserverone.com,1 Gbps,N/A
Malaysia,2 Gbps,Gigabit Hosting Sdn Bhd,"https://ubuntureleases.mirror.thegigabit.com/, http://ubuntureleases.mirror.thegigabit.com/, rsync://ubuntureleases.mirror.thegigabit.com/ubuntu/",ubuntureleases.mirror.thegigabit.com,1 Gbps,N/A
Malaysia,2 Gbps,Tuxuri,"https://ubuntu.tuxuri.com/releases/, http://ubuntu.tuxuri.com/releases/",ubuntu.tuxuri.com,100 Mbps,N/A
Malaysia,2 Gbps,Putrajaya Open Innovation Terminal,"https://point.putrajaya.my/ubuntu/release/, http://point.putrajaya.my/ubuntu/release/",point.putrajaya.my,45 Mbps,N/A
Mauritius,10 Gbps,cloud.mu,"https://ubuntu-releases.cloud.mu/, http://ubuntu-releases.cloud.mu/",ubuntu-releases.cloud.mu,10 Gbps,N/A
"Moldova, Republic of",21 Gbps,Trabia-Network,"http://mirror.as43289.net/ubuntu-releases/, ftp://mirror.as43289.net/ubuntu-releases/, rsync://mirror.as43289.net/ubuntu-releases/",mirror.as43289.net,10 Gbps,N/A
"Moldova, Republic of",21 Gbps,iHost,https://mirror.ihost.md/ubuntu-releases/,mirror.ihost.md,10 Gbps,N/A
"Moldova, Republic of",21 Gbps,MangoHost,"https://mirror.mangohost.net/ubuntu-releases/, http://mirror.mangohost.net/ubuntu-releases/, rsync://mirror.mangohost.net/ubuntu-releases/",mirror.mangohost.net,1 Gbps,N/A
Mongolia,1 Gbps,Mongolian National Data Center,http://mirror.datacenter.mn/ubuntu-releases/,mirror.datacenter.mn,1 Gbps,N/A
Namibia,100 Mbps,Namibia University of Science and Technology,http://download.nust.na/pub/ubuntu-release/,download.nust.na,100 Mbps,N/A
Nepal,1 Gbps,Nepali Cloud,"https://mirrors.nepalicloud.com/ubuntu-releases/, http://mirrors.nepalicloud.com/ubuntu-releases/",mirrors.nepalicloud.com,1 Gbps,N/A
Netherlands,189 Gbps,Macarne,"https://mirror.ams.macarne.com/ubuntu-releases/, http://mirror.ams.macarne.com/ubuntu-releases/",mirror.ams.macarne.com,100 Gbps,N/A
Netherlands,189 Gbps,Serverion,"https://mirror.serverion.com/ubuntu-releases/, http://mirror.serverion.com/ubuntu-releases/, ftp://mirror.serverion.com/ubuntu-releases/, rsync://mirror.serverion.com/ubuntu-releases/",mirror.serverion.com,20 Gbps,N/A
Netherlands,189 Gbps,BIT B.V.,"http://nl.releases.ubuntu.com/releases/, rsync://nl.releases.ubuntu.com/releases/",nl.releases.ubuntu.com,10 Gbps,N/A
Netherlands,189 Gbps,Nluug,"https://ftp.nluug.nl/os/Linux/distr/ubuntu-releases/, http://ftp.nluug.nl/os/Linux/distr/ubuntu-releases/, ftp://ftp.nluug.nl/pub/os/Linux/distr/ubuntu-releases/, rsync://ftp.nluug.nl/ubuntu-releases/",ftp.nluug.nl,10 Gbps,N/A
Netherlands,189 Gbps,Lyra Hosting,"https://mirror.lyrahosting.com/ubuntureleases/, http://mirror.lyrahosting.com/ubuntureleases/, ftp://mirror.lyrahosting.com/ubuntureleases/, rsync://mirror.lyrahosting.com/ubuntureleases/",mirror.lyrahosting.com,10 Gbps,N/A
Netherlands,189 Gbps,TNGNET B.V.,"https://mirror.tngnet.com/releases/, http://mirror.tngnet.com/releases/, rsync://mirror.tngnet.com/releases/",mirror.tngnet.com,10 Gbps,N/A
Netherlands,189 Gbps,IT Services Company S.R.O.,"https://mirrors.hostiserver.com/ubuntu-releases/, http://mirrors.hostiserver.com/ubuntu-releases/, ftp://mirrors.hostiserver.com/ubuntu-releases/, rsync://mirrors.hostiserver.com/ubuntu-releases/",mirrors.hostiserver.com,10 Gbps,N/A
Netherlands,189 Gbps,xTom,"https://mirrors.xtom.nl/ubuntu-releases/, http://mirrors.xtom.nl/ubuntu-releases/, rsync://mirrors.xtom.nl/ubuntu-releases/",mirrors.xtom.nl,10 Gbps,N/A
Netherlands,189 Gbps,PCextreme B.V.,http://nl3.releases.ubuntu.com/releases/,nl3.releases.ubuntu.com,2 Gbps,N/A
Netherlands,189 Gbps,University of Twente,"https://ftp.snt.utwente.nl/pub/linux/ubuntu-releases/, http://ftp.snt.utwente.nl/pub/linux/ubuntu-releases/, ftp://ftp.snt.utwente.nl/pub/linux/ubuntu-releases/",ftp.snt.utwente.nl,2 Gbps,N/A
Netherlands,189 Gbps,Technische Universiteit Delft,"http://ftp.tudelft.nl/releases.ubuntu.com/, ftp://ftp.tudelft.nl/pub/Linux/releases.ubuntu.com/",ftp.tudelft.nl,1 Gbps,N/A
Netherlands,189 Gbps,Kamatera Inc.,http://mirror.eu.kamatera.com/ubuntu-releases/,mirror.eu.kamatera.com,1 Gbps,N/A
Netherlands,189 Gbps,Hoasted,"https://mirror.hoasted.com/ubuntu-releases/, http://mirror.hoasted.com/ubuntu-releases/",mirror.hoasted.com,1 Gbps,N/A
Netherlands,189 Gbps,Hostnet bv,"https://mirror.hostnet.nl/ubuntu/releases/, http://mirror.hostnet.nl/ubuntu/releases/",mirror.hostnet.nl,1 Gbps,N/A
Netherlands,189 Gbps,Previder B.V.,"https://mirror.previder.nl/ubuntu-releases/, http://mirror.previder.nl/ubuntu-releases/, ftp://mirror.previder.nl/ubuntu-releases/",mirror.previder.nl,1 Gbps,N/A
Netherlands,189 Gbps,Ftpserv.tudelft.nl,ftp://ftpserv.tudelft.nl/pub/Linux/releases.ubuntu.com/,ftpserv.tudelft.nl,10 Mbps,N/A
New Caledonia,6 Gbps,OFFRATEL LAGOON,"http://mirror.lagoon.nc/ubuntu-cd/, ftp://mirror.lagoon.nc/ubuntu-cd/, rsync://mirror.lagoon.nc/ubuntu-cd/",mirror.lagoon.nc,4 Gbps,N/A
New Caledonia,6 Gbps,Nautile,"http://releases.ubuntu.nautile.nc/, rsync://rsync.ubuntu.nautile.nc/ubuntu-releases/","rsync.ubuntu.nautile.nc, releases.ubuntu.nautile.nc",2 Gbps,N/A
New Zealand,11 Gbps,2degrees,"https://mirror.2degrees.nz/ubuntu-releases/, http://mirror.2degrees.nz/ubuntu-releases/, rsync://mirror.2degrees.nz/ubuntu-releases/",mirror.2degrees.nz,10 Gbps,N/A
New Zealand,11 Gbps,University of Canterbury,https://ucmirror.canterbury.ac.nz/linux/ubuntu-releases/,ucmirror.canterbury.ac.nz,1 Gbps,N/A
Oman,100 Mbps,Sultan Qaboos University,"http://mirror.squ.edu.om/ubuntureleases/, ftp://mirror.squ.edu.om/ubuntureleases/",mirror.squ.edu.om,100 Mbps,N/A
Philippines,1 Gbps,RISE,"http://mirror.rise.ph/ubuntu-rel/, ftp://mirror.rise.ph/ubuntu-rel/",mirror.rise.ph,1 Gbps,N/A
Poland,10 Gbps,ICM - Interdisciplinary Centre for Mathematical and Computational Modelling,"https://ftp.icm.edu.pl/pub/Linux/ubuntu-releases/, http://ftp.icm.edu.pl/pub/Linux/ubuntu-releases/, ftp://ftp.icm.edu.pl/pub/Linux/ubuntu-releases/, rsync://rsync.icm.edu.pl/pub/Linux/ubuntu-releases/","rsync.icm.edu.pl, ftp.icm.edu.pl",10 Gbps,N/A
Portugal,2 Gbps,Rede das Novas Licenciaturas - Técnico Lisboa,"https://ftp.rnl.tecnico.ulisboa.pt/pub/ubuntu/releases/, http://ftp.rnl.tecnico.ulisboa.pt/pub/ubuntu/releases/, ftp://ftp.rnl.tecnico.ulisboa.pt/pub/ubuntu/releases/, rsync://ftp.rnl.tecnico.ulisboa.pt/pub/ubuntu/releases/",ftp.rnl.tecnico.ulisboa.pt,1 Gbps,N/A
Portugal,2 Gbps,Grupo de Linux da Universidade de Aveiro,"https://glua.ua.pt/pub/ubuntu-releases/, http://glua.ua.pt/pub/ubuntu-releases/, ftp://glua.ua.pt/pub/ubuntu-releases/, rsync://glua.ua.pt/ubuntu-releases/",glua.ua.pt,1 Gbps,N/A
Portugal,2 Gbps,"DEI-FCTUC, University of Coimbra","http://releases.ubuntumirror.dei.uc.pt/, ftp://releases.ubuntumirror.dei.uc.pt/",releases.ubuntumirror.dei.uc.pt,2 Mbps,N/A
Qatar,10 Gbps,Ava License,"https://ubuntu.avalicense.com/releases/, http://ubuntu.avalicense.com/releases/",ubuntu.avalicense.com,10 Gbps,N/A
Romania,22 Gbps,efectRO,"https://mirror.efect.ro/ubuntu/releases/, http://mirror.efect.ro/ubuntu/releases/",mirror.efect.ro,10 Gbps,N/A
Romania,22 Gbps,M247 Europe,"http://mirrors.m247.ro/ubuntu-releases/, rsync://mirrors.m247.ro/ubuntu-releases/",mirrors.m247.ro,10 Gbps,N/A
Romania,22 Gbps,Hostico,"https://mirrors.hostico.ro/ubuntu/releases/, http://mirrors.hostico.ro/ubuntu/releases/",mirrors.hostico.ro,1 Gbps,N/A
Romania,22 Gbps,Pidgin Host,"https://mirrors.pidginhost.com/ubuntu-releases/, http://mirrors.pidginhost.com/ubuntu-releases/, ftp://mirrors.pidginhost.com/ubuntu-releases/, rsync://mirrors.pidginhost.com/ubuntu-releases/",mirrors.pidginhost.com,1 Gbps,N/A
Romania,22 Gbps,Ftp.lug.ro-releases,"https://ftp.lug.ro/ubuntu-releases/, http://ftp.lug.ro/ubuntu-releases/",ftp.lug.ro,10 Mbps,N/A
Russian Federation,66 Gbps,mirror.docker.ru-release,"https://mirror.docker.ru/ubuntu-releases/, http://mirror.docker.ru/ubuntu-releases/, rsync://mirror.docker.ru/ubuntu-releases/",mirror.docker.ru,20 Gbps,N/A
Russian Federation,66 Gbps,team-host,"https://mirror.team-host.ru/ubuntu-cdimage/, http://mirror.team-host.ru/ubuntu-cdimage/",mirror.team-host.ru,20 Gbps,N/A
Russian Federation,66 Gbps,ia64-linux.org,"https://mirror.linux-ia64.org/ubuntu-releases/, http://mirror.linux-ia64.org/ubuntu-releases/",mirror.linux-ia64.org,10 Gbps,N/A
Russian Federation,66 Gbps,TIMEWEB,"https://mirror.timeweb.ru/ubuntu-releases/, http://mirror.timeweb.ru/ubuntu-releases/",mirror.timeweb.ru,10 Gbps,N/A
Russian Federation,66 Gbps,Truenetwork,"https://mirror.truenetwork.ru/ubuntu-releases/, http://mirror.truenetwork.ru/ubuntu-releases/, ftp://mirror.truenetwork.ru/ubuntu-releases/, rsync://mirror.truenetwork.ru/ubuntu-releases/",mirror.truenetwork.ru,2 Gbps,N/A
Russian Federation,66 Gbps,Mirror.beget.ru-release,"http://mirror.beget.ru/ubuntu-releases/, ftp://mirror.beget.ru/ubuntu-releases/, rsync://mirror.beget.ru/ubuntu-releases/",mirror.beget.ru,1 Gbps,N/A
Russian Federation,66 Gbps,Beeline,"https://mirror.corbina.net/ubuntu-cd/, http://mirror.corbina.net/ubuntu-cd/, ftp://mirror.corbina.net/ubuntu-cd/, rsync://mirror.corbina.net/ubuntu-cd/",mirror.corbina.net,1 Gbps,N/A
Russian Federation,66 Gbps,HyperDedic,"https://mirror.hyperdedic.ru/ubuntu-releases/, http://mirror.hyperdedic.ru/ubuntu-releases/, rsync://mirror.hyperdedic.ru/ubuntu-releases/",mirror.hyperdedic.ru,1 Gbps,N/A
Russian Federation,66 Gbps,POWERNET,"http://mirrors.powernet.com.ru/ubuntu-releases/, ftp://mirrors.powernet.com.ru/pub/ubuntu/releases/, rsync://mirrors.powernet.com.ru/releases/",mirrors.powernet.com.ru,1 Gbps,N/A
Saudi Arabia,10 Gbps,Servering Co,"https://ubuntu.servering.info/releases/, http://ubuntu.servering.info/releases/",ubuntu.servering.info,10 Gbps,N/A
Serbia,50 Gbps,Serbian Open eXchange,"https://mirror1.sox.rs/ubuntu/releases/, http://mirror1.sox.rs/ubuntu/releases/, rsync://mirror1.sox.rs/ubuntu/releases/",mirror1.sox.rs,50 Gbps,N/A
Singapore,116 Gbps,OnboardCloud,"http://ossmirror.mycloud.services/os/linux/ubuntu-releases/, rsync://ossmirror.mycloud.services/linux/ubuntu-releases/",ossmirror.mycloud.services,100 Gbps,N/A
Singapore,116 Gbps,Freedif,"https://mirror.freedif.org/ubuntu-releases/, http://mirror.freedif.org/ubuntu-releases/, rsync://mirror.freedif.org/ubuntu-releases/",mirror.freedif.org,10 Gbps,N/A
Singapore,116 Gbps,Neo Soon Keat,http://mirror.soonkeat.sg/ubuntu-releases/,mirror.soonkeat.sg,4 Gbps,N/A
Singapore,116 Gbps,NUS,"https://download.nus.edu.sg/mirror/ubuntu-releases/, http://download.nus.edu.sg/mirror/ubuntu-releases/, rsync://download.nus.edu.sg/ubuntu-releases/",download.nus.edu.sg,1 Gbps,N/A
Singapore,116 Gbps,ReadySpace,http://mirror.readyspace.com/ubuntu/,mirror.readyspace.com,1 Gbps,N/A
Slovakia,11 Gbps,"Energotel, a.s.","http://ftp.energotel.sk/pub/linux/ubuntu-releases/, ftp://ftp.energotel.sk/pub/linux/ubuntu-releases/",ftp.energotel.sk,10 Gbps,N/A
Slovakia,11 Gbps,Rainside,"http://tux.rainside.sk/ubuntu-releases/, ftp://tux.rainside.sk/ubuntu-releases/",tux.rainside.sk,1 Gbps,N/A
Slovenia,100 Mbps,Arnes,"https://ftp.arnes.si/pub/mirrors/ubuntu-cdimage/, http://ftp.arnes.si/pub/mirrors/ubuntu-cdimage/, ftp://ftp.arnes.si/mirrors/ubuntu-cdimage/, rsync://ftp.arnes.si/releases/",ftp.arnes.si,100 Mbps,N/A
South Africa,2 Gbps,HOSTAFRICA,http://mirror.hostafrica.co.za/ubuntu-releases/,mirror.hostafrica.co.za,1 Gbps,N/A
South Africa,2 Gbps,Internet Solutions,"http://ubuntuarchive.is.co.za/cdimage/releases/, ftp://ubuntuarchive.is.co.za/cdimage/releases/",ubuntuarchive.is.co.za,1 Gbps,N/A
Spain,16 Gbps,Raiola Networks,"http://mirror.raiolanetworks.com/ubuntu-releases/, rsync://mirror.raiolanetworks.com/pub/ubuntu-releases/",mirror.raiolanetworks.com,10 Gbps,N/A
Spain,16 Gbps,Oficina de Software Libre - CIXUG,"http://ftp.udc.es/ubuntu-releases/, ftp://ftp.udc.es/ubuntu-releases/, rsync://rsync.udc.es/ubuntu-releases/","rsync.udc.es, ftp.udc.es",2 Gbps,N/A
Spain,16 Gbps,Laboratorios Docentes Linux EIF - URJC (Universidad Rey Juan Carlos),https://labs.eif.urjc.es/mirror/ubuntu-releases/,labs.eif.urjc.es,2 Gbps,N/A
Spain,16 Gbps,Caliu,"https://ftp.caliu.cat/pub/distribucions/ubuntu/releases/, http://ftp.caliu.cat/pub/distribucions/ubuntu/releases/",ftp.caliu.cat,1 Gbps,N/A
Spain,16 Gbps,Redparra,"https://mirrors.redparra.com/ubuntureleases/, http://mirrors.redparra.com/ubuntureleases/",mirrors.redparra.com,1 Gbps,N/A
Spain,16 Gbps,DAFI-CEUM Universidad de Murcia,"http://dafi.inf.um.es/ubuntu-releases/, ftp://dafi.inf.um.es/ubuntu-releases/",dafi.inf.um.es,100 Mbps,N/A
Spain,16 Gbps,GRN Serveis telemàtics,"http://ubuntu.grn.cat/ubuntu-releases/, ftp://ubuntu.grn.cat/ubuntu-releases/",ubuntu.grn.cat,100 Mbps,N/A
Sweden,30 Gbps,"Academic Computer Club, Umeå University","http://se.releases.ubuntu.com/, rsync://se.releases.ubuntu.com/mirror/ubuntu-releases/",se.releases.ubuntu.com,20 Gbps,N/A
Sweden,30 Gbps,Bahnhof,"https://mirror.bahnhof.net/ubuntu-releases/, http://mirror.bahnhof.net/ubuntu-releases/, ftp://mirror.bahnhof.net/ubuntu-releases/, rsync://mirror.bahnhof.net/ubuntu-releases/",mirror.bahnhof.net,10 Gbps,N/A
Switzerland,141 Gbps,Swiss Innovative Arts and Technology Institute,"https://mirror.siati.ch/ubuntu-releases/, http://mirror.siati.ch/ubuntu-releases/",mirror.siati.ch,100 Gbps,N/A
Switzerland,141 Gbps,Init7 (Schweiz) AG,"https://mirror.init7.net/ubuntu-releases/, http://mirror.init7.net/ubuntu-releases/, rsync://mirror.init7.net/ubuntu-releases/",mirror.init7.net,20 Gbps,N/A
Switzerland,141 Gbps,"BSE Software GmbH, SolNet","https://mirror.solnet.ch/ubuntu-releases/, http://mirror.solnet.ch/ubuntu-releases/, rsync://mirror.solnet.ch/ubuntu-releases/",mirror.solnet.ch,10 Gbps,N/A
Switzerland,141 Gbps,Communication Systems Group (CSG@UZH),"http://releases.ubuntu.csg.uzh.ch/ubuntu/, ftp://releases.ubuntu.csg.uzh.ch/ubuntu/releases/",releases.ubuntu.csg.uzh.ch,10 Gbps,N/A
Switzerland,141 Gbps,Fremont Cabal Internet Exchange,"https://ipng.mm.fcix.net/ubuntu-releases/, http://ipng.mm.fcix.net/ubuntu-releases/, rsync://ipng.mm.fcix.net/ubuntu-releases/",ipng.mm.fcix.net,1 Gbps,N/A
Taiwan,84 Gbps,Taiwan Digital Streaming Co.,"https://mirror.twds.com.tw/ubuntu-releases/, http://mirror.twds.com.tw/ubuntu-releases/, rsync://mirror.twds.com.tw/ubuntu-releases/",mirror.twds.com.tw,50 Gbps,N/A
Taiwan,84 Gbps,"NCHC, Taiwan","https://free.nchc.org.tw/ubuntu-cd/, http://free.nchc.org.tw/ubuntu-cd/, ftp://free.nchc.org.tw/ubuntu-cd/",free.nchc.org.tw,20 Gbps,N/A
Taiwan,84 Gbps,NCKU CCNS,"https://ubuntu.ccns.ncku.edu.tw/ubuntu-cd/, http://ubuntu.ccns.ncku.edu.tw/ubuntu-cd/, rsync://ubuntu.ccns.ncku.edu.tw/ubuntu-cd/",ubuntu.ccns.ncku.edu.tw,10 Gbps,N/A
Taiwan,84 Gbps,OSSPlanet,"https://mirror.ossplanet.net/ubuntu-releases/, http://mirror.ossplanet.net/ubuntu-releases/, ftp://mirror.ossplanet.net/ubuntu-releases/, rsync://mirror.ossplanet.net/ubuntu-releases/",mirror.ossplanet.net,4 Gbps,N/A
"Tanzania, United Republic of",1 Gbps,Aptus Solutions,"http://mirror.aptus.co.tz/pub/ubuntu/, ftp://mirror.aptus.co.tz/ubuntu/",mirror.aptus.co.tz,1 Gbps,N/A
Thailand,141 Gbps,Khon Kaen University,"https://mirror.kku.ac.th/ubuntu-releases/, http://mirror.kku.ac.th/ubuntu-releases/, ftp://mirror.kku.ac.th/ubuntu-releases/, rsync://mirror.kku.ac.th/ubuntu-releases/",mirror.kku.ac.th,100 Gbps,N/A
Thailand,141 Gbps,CMKL University,"https://mirror.cmkl.ac.th/ubuntu-releases/, http://mirror.cmkl.ac.th/ubuntu-releases/",mirror.cmkl.ac.th,20 Gbps,N/A
Thailand,141 Gbps,TOT Internet Data Center,"http://mirror1.totbb.net/ubuntu-releases/, rsync://mirror1.totbb.net/ubuntu-releases/",mirror1.totbb.net,10 Gbps,N/A
Thailand,141 Gbps,"School of Information Technology, KMUTT","https://ubuntu-releases.sit.kmutt.ac.th/, http://ubuntu-releases.sit.kmutt.ac.th/",ubuntu-releases.sit.kmutt.ac.th,10 Gbps,N/A
Thailand,141 Gbps,thaidns.co.th,http://mirror.thaidns.co.th/ubuntu-releases/,mirror.thaidns.co.th,1 Gbps,N/A
Turkey,22 Gbps,Linux Kullanıcıları Derneği,"https://ftp.linux.org.tr/ubuntu-releases/, http://ftp.linux.org.tr/ubuntu-releases/, ftp://ftp.linux.org.tr/ubuntu-releases/, rsync://ftp.linux.org.tr/ubuntu-releases/",ftp.linux.org.tr,10 Gbps,N/A
Turkey,22 Gbps,ALASTYR,"https://mirror.alastyr.com/ubuntu/ubuntu-releases/, http://mirror.alastyr.com/ubuntu/ubuntu-releases/, rsync://mirror.alastyr.com/ubuntu/ubuntu-releases/",mirror.alastyr.com,10 Gbps,N/A
Turkey,22 Gbps,Domainhizmetleri.com,"https://mirror.domainhizmetleri.com/ubuntu-releases/, http://mirror.domainhizmetleri.com/ubuntu-releases/",mirror.domainhizmetleri.com,2 Gbps,N/A
Ukraine,20 Gbps,Hostiko,"https://mirror.hostiko.network/ubuntu-releases/, http://mirror.hostiko.network/ubuntu-releases/",mirror.hostiko.network,20 Gbps,N/A
United Arab Emirates,10 Gbps,Root License,"https://ubuntu.rootlicense.com/releases/, http://ubuntu.rootlicense.com/releases/",ubuntu.rootlicense.com,10 Gbps,N/A
United Kingdom,60 Gbps,Canonical Ltd.,"https://releases.ubuntu.com/, http://releases.ubuntu.com/, ftp://ftp.releases.ubuntu.com/releases/, rsync://rsync.releases.ubuntu.com/ubuntu-releases/","ftp.releases.ubuntu.com, releases.ubuntu.com, rsync.releases.ubuntu.com",20 Gbps,N/A
United Kingdom,60 Gbps,Katapult,"https://mirror.katapult.io/ubuntu-releases/, http://mirror.katapult.io/ubuntu-releases/",mirror.katapult.io,10 Gbps,N/A
United Kingdom,60 Gbps,20i.com,"https://mirrors.20i.com/pub/releases.ubuntu.com/, http://mirrors.20i.com/pub/releases.ubuntu.com/",mirrors.20i.com,10 Gbps,N/A
United Kingdom,60 Gbps,University Of Kent UK Mirror Service,"https://www.mirrorservice.org/sites/releases.ubuntu.com/, http://www.mirrorservice.org/sites/releases.ubuntu.com/, ftp://ftp.mirrorservice.org/sites/releases.ubuntu.com/, rsync://rsync.mirrorservice.org/releases.ubuntu.com/","www.mirrorservice.org, rsync.mirrorservice.org, ftp.mirrorservice.org",10 Gbps,N/A
United Kingdom,60 Gbps,Fremont Cabal Internet Exchange,"https://b4sh.mm.fcix.net/ubuntu-releases/, http://b4sh.mm.fcix.net/ubuntu-releases/, rsync://b4sh.mm.fcix.net/ubuntu-releases/",b4sh.mm.fcix.net,1 Gbps,N/A
United Kingdom,60 Gbps,Fremont Cabal Internet Exchange,"https://creeperhost.mm.fcix.net/ubuntu-releases/, http://creeperhost.mm.fcix.net/ubuntu-releases/, rsync://creeperhost.mm.fcix.net/ubuntu-releases/",creeperhost.mm.fcix.net,1 Gbps,N/A
United Kingdom,60 Gbps,Fremont Cabal Internet Exchange,"https://divergentnetworks.mm.fcix.net/ubuntu-releases/, http://divergentnetworks.mm.fcix.net/ubuntu-releases/, rsync://divergentnetworks.mm.fcix.net/ubuntu-releases/",divergentnetworks.mm.fcix.net,1 Gbps,N/A
United Kingdom,60 Gbps,XILO Communications Ltd.,"http://mirror.as29550.net/releases.ubuntu.com/, ftp://mirror.as29550.net/releases.ubuntu.com/",mirror.as29550.net,1 Gbps,N/A
United Kingdom,60 Gbps,Kamatera Inc.,http://mirror.eu-lo.kamatera.com/ubuntu-releases/,mirror.eu-lo.kamatera.com,1 Gbps,N/A
United Kingdom,60 Gbps,Freethought Internet,"https://mirror.freethought-internet.co.uk/ubuntu-releases/, http://mirror.freethought-internet.co.uk/ubuntu-releases/, ftp://mirror.freethought-internet.co.uk/ubuntu-releases/, rsync://mirror.freethought-internet.co.uk/ubuntu-releases/",mirror.freethought-internet.co.uk,1 Gbps,N/A
United Kingdom,60 Gbps,"IT Services, University of Oxford","http://mirror.ox.ac.uk/sites/releases.ubuntu.com/releases/, ftp://mirror.ox.ac.uk/sites/releases.ubuntu.com/releases/",mirror.ox.ac.uk,1 Gbps,N/A
United Kingdom,60 Gbps,Mooresey.co.uk,"https://ubuntu.mirrors.mooresey.co.uk/releases/, ftp://ubuntu.mirrors.mooresey.co.uk/releases/, rsync://ubuntu.mirrors.mooresey.co.uk/releases/",ubuntu.mirrors.mooresey.co.uk,1 Gbps,N/A
United Kingdom,60 Gbps,UK2,"http://releases.ubuntu.mirrors.uk2.net/, ftp://ubuntu.mirrors.uk2.net/ubuntu-releases/, rsync://ubuntu.mirrors.uk2.net/releases/","ubuntu.mirrors.uk2.net, releases.ubuntu.mirrors.uk2.net",1 Gbps,N/A
United Kingdom,60 Gbps,Ticklers.Org,"http://ftp.ticklers.org/releases.ubuntu.org/releases/, rsync://ftp.ticklers.org/releases.ubuntu.org/releases/",ftp.ticklers.org,1 Gbps,N/A
United States,395 Gbps,Fremont Cabal Internet Exchange,"https://cofractal-ewr.mm.fcix.net/ubuntu-releases/, http://cofractal-ewr.mm.fcix.net/ubuntu-releases/, rsync://cofractal-ewr.mm.fcix.net/ubuntu-releases/",cofractal-ewr.mm.fcix.net,20 Gbps,N/A
United States,395 Gbps,Fremont Cabal Internet Exchange,"https://cofractal-sea.mm.fcix.net/ubuntu-releases/, http://cofractal-sea.mm.fcix.net/ubuntu-releases/, rsync://cofractal-sea.mm.fcix.net/ubuntu-releases/",cofractal-sea.mm.fcix.net,20 Gbps,N/A
United States,395 Gbps,Fremont Cabal Internet Exchange,"https://gigsouth.mm.fcix.net/ubuntu-releases/, http://gigsouth.mm.fcix.net/ubuntu-releases/, rsync://gigsouth.mm.fcix.net/ubuntu-releases/",gigsouth.mm.fcix.net,20 Gbps,N/A
United States,395 Gbps,Princeton Mathematics,"https://mirror.math.princeton.edu/pub/ubuntu-iso/, http://mirror.math.princeton.edu/pub/ubuntu-iso/, rsync://mirror.math.princeton.edu/pub/ubuntu-iso/",mirror.math.princeton.edu,20 Gbps,N/A
United States,395 Gbps,TeraSwitch Inc.,"https://mirror.pit.teraswitch.com/ubuntu-releases/, http://mirror.pit.teraswitch.com/ubuntu-releases/, rsync://mirror.pit.teraswitch.com/ubuntu-releases/",mirror.pit.teraswitch.com,20 Gbps,N/A
United States,395 Gbps,Lancaster-Lebanon IU13,"https://mirrors.iu13.net/ubuntu-releases/, http://mirrors.iu13.net/ubuntu-releases/, rsync://mirrors.iu13.net/ubuntu-releases/",mirrors.iu13.net,20 Gbps,N/A
United States,395 Gbps,Fremont Cabal Internet Exchange,"https://southfront.mm.fcix.net/ubuntu-releases/, http://southfront.mm.fcix.net/ubuntu-releases/, rsync://southfront.mm.fcix.net/ubuntu-releases/",southfront.mm.fcix.net,20 Gbps,N/A
United States,395 Gbps,Fremont Cabal Internet Exchange,"https://coresite-atl.mm.fcix.net/ubuntu-releases/, http://coresite-atl.mm.fcix.net/ubuntu-releases/, rsync://coresite-atl.mm.fcix.net/ubuntu-releases/",coresite-atl.mm.fcix.net,10 Gbps,N/A
United States,395 Gbps,Fremont Cabal Internet Exchange,"https://forksystems.mm.fcix.net/ubuntu-releases/, http://forksystems.mm.fcix.net/ubuntu-releases/, rsync://forksystems.mm.fcix.net/ubuntu-releases/",forksystems.mm.fcix.net,10 Gbps,N/A
United States,395 Gbps,Fremont Cabal Internet Exchange,"https://insect.mm.fcix.net/ubuntu-releases/, http://insect.mm.fcix.net/ubuntu-releases/, rsync://insect.mm.fcix.net/ubuntu-releases/",insect.mm.fcix.net,10 Gbps,N/A
United States,395 Gbps,Constant.com,"https://isos.ubuntu.mirror.constant.com/, http://isos.ubuntu.mirror.constant.com/",isos.ubuntu.mirror.constant.com,10 Gbps,N/A
United States,395 Gbps,Fremont Cabal Internet Exchange,"https://ix-denver.mm.fcix.net/ubuntu-releases/, http://ix-denver.mm.fcix.net/ubuntu-releases/, rsync://ix-denver.mm.fcix.net/ubuntu-releases/",ix-denver.mm.fcix.net,10 Gbps,N/A
United States,395 Gbps,University of Arizona,"https://mirror.arizona.edu/ubuntu-releases/, http://mirror.arizona.edu/ubuntu-releases/, rsync://mirror.arizona.edu/ubuntu-releases/",mirror.arizona.edu,10 Gbps,N/A
United States,395 Gbps,Old Dominion University,"https://mirror.cs.odu.edu/ubuntu-releases/, http://mirror.cs.odu.edu/ubuntu-releases/",mirror.cs.odu.edu,10 Gbps,N/A
United States,395 Gbps,Fremont Cabal Internet Exchange,"https://mirror.fcix.net/ubuntu-releases/, http://mirror.fcix.net/ubuntu-releases/",mirror.fcix.net,10 Gbps,N/A
United States,395 Gbps,Hoobly Classifieds,"https://ubuntu.mirrors.hoobly.com/, http://ubuntu.mirrors.hoobly.com/",ubuntu.mirrors.hoobly.com,10 Gbps,N/A
United States,395 Gbps,Limestone Networks,"https://mirror.lstn.net/ubuntu-releases/, http://mirror.lstn.net/ubuntu-releases/, rsync://mirror.lstn.net/ubuntu-releases/",mirror.lstn.net,10 Gbps,N/A
United States,395 Gbps,Pacific NorthWest National Lab,"https://mirror.pnl.gov/releases/, http://mirror.pnl.gov/releases/, rsync://mirror.pnl.gov/releases/",mirror.pnl.gov,10 Gbps,N/A
United States,395 Gbps,University of Maryland,"https://mirror.umd.edu/ubuntu-iso/, http://mirror.umd.edu/ubuntu-iso/, rsync://mirror.umd.edu/ubuntu-iso/",mirror.umd.edu,10 Gbps,N/A
United States,395 Gbps,"LeaseWeb USA, Inc","https://mirror.us.leaseweb.net/ubuntu-releases/, http://mirror.us.leaseweb.net/ubuntu-releases/, ftp://mirror.us.leaseweb.net/ubuntu-releases/, rsync://mirror.us.leaseweb.net/ubuntu-releases/",mirror.us.leaseweb.net,10 Gbps,N/A
United States,395 Gbps,Bloomsburg University of Pennsylvania,"https://mirrors.bloomu.edu/ubuntu-releases/, http://mirrors.bloomu.edu/ubuntu-releases/, ftp://mirrors.bloomu.edu/ubuntu-releases/, rsync://mirrors.bloomu.edu/ubuntu-releases/",mirrors.bloomu.edu,10 Gbps,N/A
United States,395 Gbps,Spartan Linux Users Group,"https://mirrors.egr.msu.edu/ubuntu-iso/, http://mirrors.egr.msu.edu/ubuntu-iso/",mirrors.egr.msu.edu,10 Gbps,N/A
United States,395 Gbps,NetmanageIT,https://mirrors.netmanageit.com/ubuntu-releases/,mirrors.netmanageit.com,10 Gbps,N/A
United States,395 Gbps,xTom,"https://mirrors.xtom.com/ubuntu-releases/, http://mirrors.xtom.com/ubuntu-releases/, rsync://mirrors.xtom.com/ubuntu-releases/",mirrors.xtom.com,10 Gbps,N/A
United States,395 Gbps,Fremont Cabal Internet Exchange,"https://nnenix.mm.fcix.net/ubuntu-releases/, http://nnenix.mm.fcix.net/ubuntu-releases/, rsync://nnenix.mm.fcix.net/ubuntu-releases/",nnenix.mm.fcix.net,10 Gbps,N/A
United States,395 Gbps,Fremont Cabal Internet Exchange,"https://nocix.mm.fcix.net/ubuntu-releases/, http://nocix.mm.fcix.net/ubuntu-releases/, rsync://nocix.mm.fcix.net/ubuntu-releases/",nocix.mm.fcix.net,10 Gbps,N/A
United States,395 Gbps,University of Utah,"http://ubuntu.cs.utah.edu/releases/, ftp://ubuntu.cs.utah.edu/ubuntu/releases/, rsync://ubuntu.cs.utah.edu/ubuntu-releases/",ubuntu.cs.utah.edu,10 Gbps,N/A
United States,395 Gbps,Fremont Cabal Internet Exchange,"https://volico.mm.fcix.net/ubuntu-releases/, http://volico.mm.fcix.net/ubuntu-releases/, rsync://volico.mm.fcix.net/ubuntu-releases/",volico.mm.fcix.net,10 Gbps,N/A
United States,395 Gbps,Fremont Cabal Internet Exchange,"https://ziply.mm.fcix.net/ubuntu-releases/, http://ziply.mm.fcix.net/ubuntu-releases/, rsync://ziply.mm.fcix.net/ubuntu-releases/",ziply.mm.fcix.net,10 Gbps,N/A
United States,395 Gbps,GigeNET,"https://mirrors.gigenet.com/ubuntucd/, http://mirrors.gigenet.com/ubuntucd/",mirrors.gigenet.com,4 Gbps,N/A
United States,395 Gbps,N1OF,"https://mirror.n1of.com/cdimage/, http://mirror.n1of.com/cdimage/",mirror.n1of.com,2 Gbps,N/A
United States,395 Gbps,RustyTel,http://mirror.rustytel.net/ubuntu-releases/,mirror.rustytel.net,2 Gbps,N/A
United States,395 Gbps,Kernel.org,"http://mirrors.us.kernel.org/ubuntu-releases/, ftp://mirrors.us.kernel.org/ubuntu-releases/, rsync://mirrors.us.kernel.org/ubuntu-releases/",mirrors.us.kernel.org,2 Gbps,N/A
United States,395 Gbps,Fremont Cabal Internet Exchange,"https://abqix.mm.fcix.net/ubuntu-releases/, http://abqix.mm.fcix.net/ubuntu-releases/, rsync://abqix.mm.fcix.net/ubuntu-releases/",abqix.mm.fcix.net,1 Gbps,N/A
United States,395 Gbps,Fremont Cabal Internet Exchange,"https://bungi.mm.fcix.net/ubuntu-releases/, http://bungi.mm.fcix.net/ubuntu-releases/, rsync://bungi.mm.fcix.net/ubuntu-releases/",bungi.mm.fcix.net,1 Gbps,N/A
United States,395 Gbps,FCIX/CodingFlyBoy MicroMirror,"https://codingflyboy.mm.fcix.net/ubuntu-releases/, http://codingflyboy.mm.fcix.net/ubuntu-releases/, rsync://codingflyboy.mm.fcix.net/ubuntu-releases/",codingflyboy.mm.fcix.net,1 Gbps,N/A
United States,395 Gbps,Fremont Cabal Internet Exchange,"https://coresite.mm.fcix.net/ubuntu-releases/, http://coresite.mm.fcix.net/ubuntu-releases/, rsync://coresite.mm.fcix.net/ubuntu-releases/",coresite.mm.fcix.net,1 Gbps,N/A
United States,395 Gbps,Fremont Cabal Internet Exchange,"https://irltoolkit.mm.fcix.net/ubuntu-releases/, http://irltoolkit.mm.fcix.net/ubuntu-releases/, rsync://irltoolkit.mm.fcix.net/ubuntu-releases/",irltoolkit.mm.fcix.net,1 Gbps,N/A
United States,395 Gbps,Fremont Cabal Internet Exchange,"https://lolhost.mm.fcix.net/ubuntu-releases/, http://lolhost.mm.fcix.net/ubuntu-releases/, rsync://lolhost.mm.fcix.net/ubuntu-releases/",lolhost.mm.fcix.net,1 Gbps,N/A
United States,395 Gbps,Clarkson University,"https://mirror.clarkson.edu/ubuntu-releases/, http://mirror.clarkson.edu/ubuntu-releases/, rsync://mirror.clarkson.edu/ubuntu-releases/",mirror.clarkson.edu,1 Gbps,N/A
United States,395 Gbps,Cogent Communications,"http://mirror.cogentco.com/pub/linux/ubuntu-releases/, rsync://mirror.cogentco.com/ubuntu-releases/",mirror.cogentco.com,1 Gbps,N/A
United States,395 Gbps,James Madison University Department of Computer Science,"https://mirror.cs.jmu.edu/pub/ubuntu-iso/, http://mirror.cs.jmu.edu/pub/ubuntu-iso/",mirror.cs.jmu.edu,1 Gbps,N/A
United States,395 Gbps,Freakinbananas,"http://mirror.freakinbananas.xyz/releases/, rsync://mirror.freakinbananas.xyz/ubuntu-releases/",mirror.freakinbananas.xyz,1 Gbps,N/A
United States,395 Gbps,MrJester,"https://mirror.mrjester.net/ubuntu/release/, http://mirror.mrjester.net/ubuntu/release/, rsync://mirror.mrjester.net/ubuntu-releases/",mirror.mrjester.net,1 Gbps,N/A
United States,395 Gbps,Nexcess,"https://mirror.nexcess.net/ubuntu-releases/, http://mirror.nexcess.net/ubuntu-releases/, ftp://mirror.nexcess.net/ubuntu-releases/",mirror.nexcess.net,1 Gbps,N/A
United States,395 Gbps,University of Oregon,"http://mirror.uoregon.edu/ubuntu-releases/, ftp://mirror.uoregon.edu/ubuntu-releases/",mirror.uoregon.edu,1 Gbps,N/A
United States,395 Gbps,Kamatera Inc.,http://mirror.us-ny2.kamatera.com/ubuntu-releases/,mirror.us-ny2.kamatera.com,1 Gbps,N/A
United States,395 Gbps,Wayne State University,"https://mirror.wayne.edu/ubuntu/releases/, http://mirror.wayne.edu/ubuntu/releases/, ftp://mirror.wayne.edu/ubuntu/releases/",mirror.wayne.edu,1 Gbps,N/A
United States,395 Gbps,Bay Mills Community College,https://mirrors.bmcc.edu/ubuntu-isos/,mirrors.bmcc.edu,1 Gbps,N/A
United States,395 Gbps,GigeNET,"https://mirrors.gigenet.com/ubuntu-releases/, http://mirrors.gigenet.com/ubuntu-releases/",mirrors.gigenet.com,1 Gbps,N/A
United States,395 Gbps,MIT SIPB,"https://mirrors.mit.edu/ubuntu-releases/, http://mirrors.mit.edu/ubuntu-releases/, rsync://mirrors.mit.edu/ubuntu-releases/",mirrors.mit.edu,1 Gbps,N/A
United States,395 Gbps,Sarakas,"https://mirrors.sarak.as/ubuntu-releases/, http://mirrors.sarak.as/ubuntu-releases/, ftp://mirrors.sarak.as/ubuntu-releases/",mirrors.sarak.as,1 Gbps,N/A
United States,395 Gbps,Xmission,"https://mirrors.xmission.com/ubuntu-cd/, http://mirrors.xmission.com/ubuntu-cd/, ftp://mirrors.xmission.com/ubuntu-cd/",mirrors.xmission.com,1 Gbps,N/A
United States,395 Gbps,Fremont Cabal Internet Exchange,"https://nullroute.mm.fcix.net/ubuntu-releases/, http://nullroute.mm.fcix.net/ubuntu-releases/, rsync://nullroute.mm.fcix.net/ubuntu-releases/",nullroute.mm.fcix.net,1 Gbps,N/A
United States,395 Gbps,Fremont Cabal Internet Exchange,"https://ohioix.mm.fcix.net/ubuntu-releases/, http://ohioix.mm.fcix.net/ubuntu-releases/, rsync://ohioix.mm.fcix.net/ubuntu-releases/",ohioix.mm.fcix.net,1 Gbps,N/A
United States,395 Gbps,Fremont Cabal Internet Exchange,"https://ryamer.mm.fcix.net/ubuntu-releases/, http://ryamer.mm.fcix.net/ubuntu-releases/, rsync://ryamer.mm.fcix.net/ubuntu-releases/",ryamer.mm.fcix.net,1 Gbps,N/A
United States,395 Gbps,Fremont Cabal Internet Exchange,"https://veronanetworks.mm.fcix.net/ubuntu-releases/, http://veronanetworks.mm.fcix.net/ubuntu-releases/, rsync://veronanetworks.mm.fcix.net/ubuntu-releases/",veronanetworks.mm.fcix.net,1 Gbps,N/A
United States,395 Gbps,Georgia Tech. Software Library,"http://www.gtlib.gatech.edu/pub/ubuntu-releases/, ftp://ftp.gtlib.gatech.edu/pub/ubuntu-releases/, rsync://rsync.gtlib.gatech.edu/ubuntu-releases/","rsync.gtlib.gatech.edu, ftp.gtlib.gatech.edu, www.gtlib.gatech.edu",1 Gbps,N/A
United States,395 Gbps,Michigan Tech Linux Users Group,"http://lug.mtu.edu/ubuntu-releases/, ftp://lug.mtu.edu/ubuntu-releases/, rsync://lug.mtu.edu/ubuntu-releases/",lug.mtu.edu,100 Mbps,N/A
United States,395 Gbps,Washington State University,http://mirrors.vcea.wsu.edu/ubuntu-releases/,mirrors.vcea.wsu.edu,100 Mbps,N/A
United States,395 Gbps,Mirror.cs.umn.edu,http://mirror.cs.umn.edu/ubuntu-releases/,mirror.cs.umn.edu,10 Mbps,N/A
Uruguay,1 Gbps,UDELAR-CURE,"https://ubuntu.repo.cure.edu.uy/ubuntu-releases/, http://ubuntu.repo.cure.edu.uy/ubuntu-releases/",ubuntu.repo.cure.edu.uy,1 Gbps,N/A
Viet Nam,1 Gbps,TechHost,"https://vn-mirrors.techhost.vn/ubuntu-release/, http://vn-mirrors.techhost.vn/ubuntu-release/",vn-mirrors.techhost.vn,1 Gbps,N/A
Viet Nam,1 Gbps,clearsky.vn,http://mirror.clearsky.vn/ubuntu-releases/,mirror.clearsky.vn,100 Mbps,N/A
Viet Nam,1 Gbps,Nhan Hoa,http://mirrors.nhanhoa.com/ubuntu-releases/,mirrors.nhanhoa.com,100 Mbps,N/A
Zimbabwe,1 Gbps,Zimbabwe Online,"http://mirror.zol.co.zw/ubuntu-releases/, ftp://mirror.zol.co.zw/ubuntu-releases/, rsync://mirror.zol.co.zw/releases/",mirror.zol.co.zw,1 Gbps,N/A
